{"entities":{"pages":{"starter-topic":{"id":"starter-topic","title":"HTML","url":"starter-topic.html","level":0,"pages":["HTML-Introduction","HTML-Basic","HTML-Elements","HTML-Attributes","HTML-Element-Types","Semantic-HTML-Elements","HTML-Layouts","HTML-Forms","HTML-Block-VS-Inline-Elements"],"tabIndex":0},"HTML-Introduction":{"id":"HTML-Introduction","title":"HTML Introduction","url":"html-introduction.html","level":1,"parentId":"starter-topic","tabIndex":0},"HTML-Basic":{"id":"HTML-Basic","title":"HTML Basic","url":"html-basic.html","level":1,"parentId":"starter-topic","tabIndex":1},"HTML-Elements":{"id":"HTML-Elements","title":"HTML Elements","url":"html-elements.html","level":1,"parentId":"starter-topic","tabIndex":2},"HTML-Attributes":{"id":"HTML-Attributes","title":"HTML Attributes","url":"html-attributes.html","level":1,"parentId":"starter-topic","tabIndex":3},"HTML-Element-Types":{"id":"HTML-Element-Types","title":"HTML Elements Types","url":"html-element-types.html","level":1,"parentId":"starter-topic","tabIndex":4},"Semantic-HTML-Elements":{"id":"Semantic-HTML-Elements","title":"HTML Semantic Elements","url":"semantic-html-elements.html","level":1,"parentId":"starter-topic","tabIndex":5},"HTML-Layouts":{"id":"HTML-Layouts","title":"HTML Blogs Layouts","url":"html-layouts.html","level":1,"parentId":"starter-topic","tabIndex":6},"HTML-Forms":{"id":"HTML-Forms","title":"HTML Forms","url":"html-forms.html","level":1,"parentId":"starter-topic","pages":["HTML-Form-Elements"],"tabIndex":7},"HTML-Form-Elements":{"id":"HTML-Form-Elements","title":"HTML Form Elements","url":"html-form-elements.html","level":2,"parentId":"HTML-Forms","tabIndex":0},"HTML-Block-VS-Inline-Elements":{"id":"HTML-Block-VS-Inline-Elements","title":"HTML Block VS Inline Elements","url":"html-block-vs-inline-elements.html","level":1,"parentId":"starter-topic","tabIndex":8},"CSS":{"id":"CSS","title":"CSS","url":"css.html","level":0,"pages":["CSS-Icons","CSS-Colors","CSS-Fonts","Margins-Vs-Padding","CSS-Border-Style","CSS-Selectors","CSS-Media-Queries","Responsive-Blogging-site","Flex-Responsive"],"tabIndex":1},"CSS-Icons":{"id":"CSS-Icons","title":"CSS Icons","url":"css-icons.html","level":1,"parentId":"CSS","tabIndex":0},"CSS-Colors":{"id":"CSS-Colors","title":"CSS Colors","url":"css-colors.html","level":1,"parentId":"CSS","tabIndex":1},"CSS-Fonts":{"id":"CSS-Fonts","title":"CSS Fonts","url":"css-fonts.html","level":1,"parentId":"CSS","tabIndex":2},"Margins-Vs-Padding":{"id":"Margins-Vs-Padding","title":"Margins Vs Padding","url":"margins-vs-padding.html","level":1,"parentId":"CSS","pages":["The-CSS-Box-Model"],"tabIndex":3},"The-CSS-Box-Model":{"id":"The-CSS-Box-Model","title":"The CSS Box Model","url":"the-css-box-model.html","level":2,"parentId":"Margins-Vs-Padding","tabIndex":0},"CSS-Border-Style":{"id":"CSS-Border-Style","title":"CSS Border Style","url":"css-border-style.html","level":1,"parentId":"CSS","pages":["CSS-Border-Shorthand-Property"],"tabIndex":4},"CSS-Border-Shorthand-Property":{"id":"CSS-Border-Shorthand-Property","title":"CSS Border - Shorthand Property","url":"css-border-shorthand-property.html","level":2,"parentId":"CSS-Border-Style","tabIndex":0},"CSS-Selectors":{"id":"CSS-Selectors","title":"CSS Selectors","url":"css-selectors.html","level":1,"parentId":"CSS","pages":["CSS-Combinators","CSS-Pseudo-classes","CSS-Pseudo-elements","CSS-Attribute-Selectors"],"tabIndex":5},"CSS-Combinators":{"id":"CSS-Combinators","title":"CSS Combinators","url":"css-combinators.html","level":2,"parentId":"CSS-Selectors","tabIndex":0},"CSS-Pseudo-classes":{"id":"CSS-Pseudo-classes","title":"CSS Pseudo-classes","url":"css-pseudo-classes.html","level":2,"parentId":"CSS-Selectors","tabIndex":1},"CSS-Pseudo-elements":{"id":"CSS-Pseudo-elements","title":"CSS Pseudo-elements","url":"css-pseudo-elements.html","level":2,"parentId":"CSS-Selectors","tabIndex":2},"CSS-Attribute-Selectors":{"id":"CSS-Attribute-Selectors","title":"CSS Attribute Selectors","url":"css-attribute-selectors.html","level":2,"parentId":"CSS-Selectors","tabIndex":3},"CSS-Media-Queries":{"id":"CSS-Media-Queries","title":"CSS Media Queries","url":"css-media-queries.html","level":1,"parentId":"CSS","tabIndex":6},"Responsive-Blogging-site":{"id":"Responsive-Blogging-site","title":"Responsive Blogging site","url":"responsive-blogging-site.html","level":1,"parentId":"CSS","tabIndex":7},"Flex-Responsive":{"id":"Flex-Responsive","title":"Center a Div","url":"flex-responsive.html","level":1,"parentId":"CSS","tabIndex":8},"CSS-FLEX":{"id":"CSS-FLEX","title":"CSS Flexbox","url":"css-flex.html","level":0,"pages":["Responsive-Flexbox","FlexBox-Project","Flexbox-cheat-sheet"],"tabIndex":2},"Responsive-Flexbox":{"id":"Responsive-Flexbox","title":"Responsive Flexbox","url":"responsive-flexbox.html","level":1,"parentId":"CSS-FLEX","pages":["Responsive-Image-Gallery-using-Flexbox"],"tabIndex":0},"Responsive-Image-Gallery-using-Flexbox":{"id":"Responsive-Image-Gallery-using-Flexbox","title":"Responsive Image Gallery using Flexbox","url":"responsive-image-gallery-using-flexbox.html","level":2,"parentId":"Responsive-Flexbox","tabIndex":0},"FlexBox-Project":{"id":"FlexBox-Project","title":"FlexBox Project","url":"flexbox-project.html","level":1,"parentId":"CSS-FLEX","tabIndex":1},"Flexbox-cheat-sheet":{"id":"Flexbox-cheat-sheet","title":"Flexbox cheat-sheet","url":"flexbox-cheat-sheet.html","level":1,"parentId":"CSS-FLEX","tabIndex":2},"CSS-Grid":{"id":"CSS-Grid","title":"CSS Grid","url":"css-grid.html","level":0,"pages":["Grid-Columns-Rows","Grid-Container","Grid-Item","Grid-cheat-sheet","Grid-Projects"],"tabIndex":3},"Grid-Columns-Rows":{"id":"Grid-Columns-Rows","title":"Grid Columns/Rows","url":"grid-columns-rows.html","level":1,"parentId":"CSS-Grid","tabIndex":0},"Grid-Container":{"id":"Grid-Container","title":"Grid Container","url":"grid-container.html","level":1,"parentId":"CSS-Grid","tabIndex":1},"Grid-Item":{"id":"Grid-Item","title":"Grid Item","url":"grid-item.html","level":1,"parentId":"CSS-Grid","tabIndex":2},"Grid-cheat-sheet":{"id":"Grid-cheat-sheet","title":"Grid cheat-sheet","url":"grid-cheat-sheet.html","level":1,"parentId":"CSS-Grid","tabIndex":3},"Grid-Projects":{"id":"Grid-Projects","title":"Grid Project","url":"grid-projects.html","level":1,"parentId":"CSS-Grid","tabIndex":4}}},"topLevelIds":["starter-topic","CSS","CSS-FLEX","CSS-Grid"]}